insert into service_catalog (service_code, service_name_th, description)
values
  ('cleaning', 'ล้างแอร์', 'บริการล้างทำความสะอาดเครื่องปรับอากาศแบบติดผนัง แขวน ตั้งพื้น แคสเซ็ท และประเภทอื่นตามสภาพหน้างาน'),
  ('repair', 'ซ่อมแอร์', 'บริการตรวจวิเคราะห์อาการเสีย ซ่อมรอยรั่ว เปลี่ยนอะไหล่ และฟื้นฟูระบบทำความเย็นตามผลตรวจจริง'),
  ('inspection', 'ตรวจเช็กหน้างาน', 'บริการเข้าตรวจหน้างาน ประเมินอาการ ประเมินราคา และเก็บข้อมูลเพื่อส่งต่อแอดมินหรือช่าง'),
  ('relocation', 'ย้ายแอร์', 'บริการย้ายเครื่องปรับอากาศพร้อมปั๊มดาวน์ รื้อ ย้าย ติดตั้งกลับ และทดสอบระบบ'),
  ('cold_room', 'งานห้องเย็น', 'บริการตรวจ ซ่อม ติดตั้ง และดูแลงานระบบห้องเย็นหรืองานทำความเย็นเชิงพาณิชย์')
on conflict (service_code) do update set
  service_name_th = excluded.service_name_th,
  description = excluded.description;

insert into pricing_rules (service_code, price_label, details, amount_min, amount_max, display_order)
values
  (
    'cleaning',
    'ล้างแอร์ติดผนัง 9,000 BTU เริ่มต้น 700 บาท/เครื่อง',
    'อ้างอิงรายงานราคาอัปเดต 2026 สำหรับงานล้างทั่วไปของแอร์ติดผนังขนาด 9,000 BTU ราคาจริงขึ้นอยู่กับสภาพเครื่องและพื้นที่ให้บริการ',
    700,
    700,
    1
  ),
  (
    'cleaning',
    'ล้างแอร์ติดผนัง 12,000-13,000 BTU เริ่มต้น 800 บาท/เครื่อง',
    'อ้างอิงรายงานราคาอัปเดต 2026 สำหรับแอร์ติดผนังขนาด 12,000-13,000 BTU',
    800,
    800,
    2
  ),
  (
    'cleaning',
    'ล้างแอร์ติดผนัง 18,000 BTU เริ่มต้น 900 บาท/เครื่อง',
    'เหมาะสำหรับใช้ตอบคำถามลูกค้าเบื้องต้น โดยห้ามยืนยันราคาสุดท้ายหากยังไม่ทราบรุ่นและสภาพหน้างาน',
    900,
    900,
    3
  ),
  (
    'cleaning',
    'ล้างแอร์ติดผนัง 24,000 BTU เริ่มต้น 1,000 บาท/เครื่อง',
    'ราคาอ้างอิงสำหรับปี 2026 ของแอร์ติดผนังขนาด 24,000 BTU',
    1000,
    1000,
    4
  ),
  (
    'cleaning',
    'ล้างแอร์แขวนหรือแอร์ตั้งพื้น 12,000-36,000 BTU เริ่มต้น 1,000-2,800 บาท/เครื่อง',
    'เป็นช่วงราคากลางตามประเภทเครื่องและความซับซ้อนของงาน',
    1000,
    2800,
    5
  ),
  (
    'cleaning',
    'ล้างแอร์ 4 ทิศทาง 20,000-36,000 BTU เริ่มต้น 1,800-3,500 บาท/เครื่อง',
    'ใช้กับเครื่องแบบ Cassette Type โดยราคาขึ้นกับการถอดล้างและสภาพการติดตั้ง',
    1800,
    3500,
    6
  ),
  (
    'cleaning',
    'ล้างแอร์ตู้ตั้ง เริ่มต้น 1,200 บาท/เครื่อง',
    'ราคาเริ่มต้นของ Package Type และอาจเพิ่มตามขนาด BTU และพื้นที่หน้างาน',
    1200,
    null,
    7
  ),
  (
    'cleaning',
    'บริการเสริมล้างด้วยน้ำยาฆ่าเชื้อ เพิ่ม 100 บาท',
    'ใช้กรณีลูกค้าต้องการล้างคอยล์หรือลดกลิ่นอับด้วยน้ำยาฆ่าเชื้อ',
    100,
    100,
    8
  ),
  (
    'cleaning',
    'ระบบ Inverter เพิ่ม 100 บาท',
    'ใช้เป็นส่วนเพิ่มจากราคาล้างพื้นฐานตามรายงานราคาอัปเดต 2026',
    100,
    100,
    9
  ),
  (
    'inspection',
    'ค่าตรวจเช็กหรือประเมินหน้างานเริ่มต้น 1,000 บาท',
    'อ้างอิงรายงานราคาอัปเดต 2026 กรณีตรวจเช็กแล้วไม่ซ่อมหรือยังไม่ดำเนินงานต่อ ราคาจริงขึ้นกับระยะทางและความซับซ้อน',
    1000,
    null,
    10
  ),
  (
    'repair',
    'ซ่อมรอยรั่วพร้อมทำ Vacuum และเติมน้ำยา เริ่มต้น 3,500-6,500 บาท',
    'ราคารวมค่าแรงและน้ำยา ขึ้นกับจุดรั่วและสภาพเครื่อง ต้องตรวจหน้างานก่อนยืนยัน',
    3500,
    6500,
    11
  ),
  (
    'repair',
    'เปลี่ยน Capacitor เริ่มต้น 1,500-3,500 บาท',
    'ราคาขึ้นกับขนาดและรุ่นของ Capacitor',
    1500,
    3500,
    12
  ),
  (
    'repair',
    'เปลี่ยน Magnetic Contactor เริ่มต้น 1,200 บาท',
    'ระบบไฟฟ้า 3 เฟสอาจเริ่มต้นสูงกว่า และต้องประเมินตามรุ่นอุปกรณ์จริง',
    1200,
    null,
    13
  ),
  (
    'repair',
    'เปลี่ยนแผงวงจร PCB/Main Board เริ่มต้น 3,500 บาท',
    'แผงวงจรของระบบ Inverter มักมีราคาสูงกว่า ต้องตรวจรุ่นและอะไหล่ก่อนยืนยัน',
    3500,
    null,
    14
  ),
  (
    'repair',
    'ล้างระบบด้วยน้ำยา F11 เริ่มต้น 3,500 บาท',
    'ใช้กรณีระบบเกิดการอุดตัน ต้องตรวจสภาพระบบก่อนทุกครั้ง',
    3500,
    null,
    15
  ),
  (
    'repair',
    'เปลี่ยนคอยล์ร้อนหรือคอยล์เย็น เริ่มต้น 5,500 บาท',
    'ราคาแตกต่างตามยี่ห้อ รุ่น และขนาด BTU',
    5500,
    null,
    16
  ),
  (
    'repair',
    'เปลี่ยนคอมเพรสเซอร์ เริ่มต้น 6,500 บาท',
    'ราคาเพิ่มตามขนาด BTU ชนิดน้ำยา และยี่ห้อ ห้าม AI ยืนยันราคาสุดท้ายโดยไม่ผ่านการประเมิน',
    6500,
    null,
    17
  ),
  (
    'relocation',
    'งานย้ายแอร์ต้องประเมินตามหน้างาน',
    'ต้องตรวจขั้นตอนปั๊มดาวน์ ระยะท่อ ความสูง จุดติดตั้งใหม่ และสภาพระบบก่อนแจ้งราคา',
    null,
    null,
    18
  ),
  (
    'cold_room',
    'งานห้องเย็นต้องประเมินโดยช่างหรือแอดมินก่อนเสนอราคา',
    'เป็นงานเฉพาะทางและควรส่งต่อแอดมินทันทีเมื่อเก็บข้อมูลเบื้องต้นครบ',
    null,
    null,
    19
  )
on conflict do nothing;

insert into knowledge_docs (title, category, content, tags, status)
values
  (
    'ราคาล้างแอร์ปี 2026',
    'faq',
    'ราคาล้างแอร์อ้างอิงปี 2026 สำหรับแอร์ติดผนังเริ่มต้นประมาณ 700-1,000 บาทต่อเครื่องตามขนาด BTU ส่วนแอร์แขวน ตั้งพื้น 4 ทิศทาง และแอร์ตู้ตั้งจะมีราคาเริ่มต้นสูงกว่า การตอบลูกค้าต้องแจ้งว่าเป็นราคาเบื้องต้นและราคาจริงขึ้นกับรุ่น ขนาดเครื่อง ความสกปรก และพื้นที่หน้างาน',
    array['ราคา', 'ล้างแอร์', '2026', 'faq'],
    'published'
  ),
  (
    'ค่าตรวจเช็กและนโยบายประเมินหน้างาน',
    'policy',
    'ค่าตรวจเช็กหรือประเมินหน้างานอ้างอิงเริ่มต้น 1,000 บาทในกรณีเช็กแล้วไม่ซ่อมหรือยังไม่ดำเนินการต่อ หากลูกค้าต้องการยืนยันตัวเลขที่แน่นอน ระบบควรเก็บข้อมูลพื้นที่และลักษณะงานก่อนส่งต่อแอดมิน ไม่ควรให้ AI ยืนยันราคาเองเกินข้อมูลใน pricing_rules',
    array['inspection', 'policy', 'ค่าตรวจ', 'ประเมินหน้างาน'],
    'published'
  ),
  (
    'พื้นที่ให้บริการและการคัดกรองพื้นที่',
    'faq',
    'เมื่อมีลูกค้าสอบถามพื้นที่ให้บริการ ระบบควรถามเขต จังหวัด หรือโลเคชันหน้างานก่อนทุกครั้ง แล้วค่อยส่งต่อให้แอดมินตรวจสอบพื้นที่ให้บริการจริง หากอยู่นอกโซนปกติหรือเป็นพื้นที่พิเศษต้องสร้าง handoff แทนการยืนยันรับงานอัตโนมัติ',
    array['พื้นที่', 'service area', 'คัดกรอง'],
    'published'
  ),
  (
    'มาตรฐานการล้างแอร์ทั่วไป',
    'service_procedure',
    'มาตรฐานงานล้างแอร์ทั่วไปประกอบด้วยการตรวจสภาพเครื่องเบื้องต้น ตัดระบบไฟฟ้า ถอดแผ่นกรองและชิ้นส่วน ป้องกันแผงวงจร ฉีดล้างคอยล์เย็น ล้างท่อน้ำทิ้ง ล้างคอยล์ร้อน ประกอบกลับ และทดสอบการทำงานหลังล้างทุกครั้ง ลูกค้าสามารถรับข้อมูลนี้เป็นสรุปมาตรฐานการบริการได้',
    array['ขั้นตอนบริการ', 'ล้างแอร์', 'standard cleaning'],
    'published'
  ),
  (
    'มาตรฐานการล้างใหญ่แบบถอดล้าง',
    'service_procedure',
    'การล้างใหญ่แบบถอดล้างเหมาะกับเครื่องที่สกปรกมากหรือมีกลิ่นอับรุนแรง โดยรวมขั้นตอนล้างทั่วไปและเพิ่มการถอดล้างใบพัดลม ตรวจสอบการหล่อลื่น และอาจใช้น้ำยาฆ่าเชื้อพิเศษ เมื่อลูกค้าบ่นเรื่องกลิ่นอับเรื้อรังหรือเชื้อรา ควรแนะนำงานล้างใหญ่แทนการล้างเบื้องต้น',
    array['deep clean', 'ล้างใหญ่', 'กลิ่นอับ'],
    'published'
  ),
  (
    'แนวทางตอบอาการแอร์ไม่เย็น',
    'repair',
    'อาการแอร์ไม่เย็นหรือมีแต่ลมอาจเกิดจากรีโมทตั้งผิดโหมด คอมเพรสเซอร์ไม่ทำงาน น้ำยาแอร์รั่ว หรือคอยล์สกปรก ระบบควรถามอาการเสริมทีละข้อ เช่น ลมออกแต่ไม่เย็น คอยล์ร้อนมีลมร้อนหรือไม่ มีน้ำหยดหรือเสียงผิดปกติหรือไม่ และห้ามสรุปราคาซ่อมเองก่อนผ่านการตรวจจริง',
    array['แอร์ไม่เย็น', 'repair', 'diagnosis'],
    'published'
  ),
  (
    'แนวทางตอบอาการน้ำหยดและท่อน้ำทิ้งอุดตัน',
    'repair',
    'อาการน้ำหยดในห้องมักเกิดจากท่อน้ำทิ้งอุดตัน แผงคอยล์เย็นเป็นน้ำแข็ง หรือการติดตั้งไม่ได้ระดับ คำตอบเบื้องต้นที่ปลอดภัยคือให้ปิดเครื่องหากน้ำหยดใส่อุปกรณ์ไฟฟ้า และแนะนำให้ช่างตรวจสอบท่อน้ำทิ้งและสาเหตุการเกิดน้ำแข็งต่อ หลีกเลี่ยงการยืนยันว่าต้องเติมน้ำยาหรือเปลี่ยนอะไหล่ทันที',
    array['น้ำหยด', 'ท่อน้ำทิ้ง', 'repair', 'safety'],
    'published'
  ),
  (
    'แนวทางตอบอาการกลิ่นอับและการดูแลพื้นฐาน',
    'faq',
    'กลิ่นอับมักเกิดจากความชื้น เชื้อรา และแบคทีเรียสะสมในคอยล์เย็นหรือถาดน้ำทิ้ง แนะนำลูกค้าให้ล้างแผ่นกรองอย่างน้อยเดือนละ 1 ครั้ง และสามารถเปิดโหมดพัดลม 15-30 นาทีก่อนปิดเครื่องเพื่อไล่ความชื้น หากกลิ่นยังไม่หายควรแนะนำให้ล้างแอร์แบบละเอียดหรือถอดล้าง',
    array['กลิ่นอับ', 'filter', 'air care', 'faq'],
    'published'
  ),
  (
    'แนวทางตอบอาการน้ำยาแอร์รั่ว',
    'repair',
    'หากสงสัยว่าน้ำยาแอร์รั่ว ระบบควรอธิบายว่าแอร์เป็นระบบปิด น้ำยาจะไม่หมดเองหากไม่มีรอยรั่ว สัญญาณที่พบบ่อยคือแอร์ไม่เย็น ลมคอยล์ร้อนไม่ร้อน หรือมีน้ำแข็งเกาะตามแนวท่อ การดำเนินการที่ถูกต้องคือให้ช่างตรวจหารอยรั่ว ซ่อม ทำ Vacuum และเติมน้ำยาตามสเปค',
    array['น้ำยาแอร์', 'รั่ว', 'vacuum', 'repair'],
    'published'
  ),
  (
    'แนวทางตอบเรื่องคาปาซิเตอร์และการเปิดปิดแอร์บ่อย',
    'repair',
    'คาปาซิเตอร์ที่เสื่อมหรือเสียอาจทำให้คอมเพรสเซอร์ไม่ทำงานแต่มีเสียงฮัม หรือพัดลมหมุนช้าได้ การเปิดปิดแอร์บ่อยเกินไปทำให้คาปาซิเตอร์ทำงานหนักและเสื่อมเร็วขึ้น ระบบควรให้คำแนะนำเชิงดูแลรักษาได้ แต่หากลูกค้าถามเรื่องซ่อมหรือค่าอะไหล่เชิงยืนยันให้ส่งต่อช่างหรือแอดมิน',
    array['capacitor', 'เปิดปิดบ่อย', 'repair'],
    'published'
  ),
  (
    'มาตรฐานการย้ายแอร์และ Pump Down',
    'service_procedure',
    'งานย้ายแอร์ต้องทำ Pump Down เพื่อเก็บน้ำยาเข้าสู่คอมเพรสเซอร์ก่อนรื้อถอน ขั้นตอนหลักคือการต่อเกจ ปิดวาล์วท่อเล็ก เปิดเครื่องในโหมดเย็น เฝ้าดูแรงดัน และปิดวาล์วท่อใหญ่เมื่อแรงดันใกล้ศูนย์อย่างรวดเร็ว จากนั้นจึงรื้อถอนและย้ายติดตั้งใหม่ การตอบลูกค้าควรระบุว่าเป็นงานเทคนิคที่ต้องประเมินหน้างานก่อนทุกครั้ง',
    array['ย้ายแอร์', 'pump down', 'service procedure'],
    'published'
  ),
  (
    'นโยบาย AI เรื่องราคา คิว และการส่งต่อแอดมิน',
    'policy',
    'AI ต้องไม่ยืนยันราคาซ่อม ราคาเหมาจบ คิวช่าง วันนัด หรือเงื่อนไขพิเศษที่ไม่มีอยู่ในฐานข้อมูลโดยเด็ดขาด หากเป็นงานซ่อมซับซ้อน งานห้องเย็น พื้นที่พิเศษ หรือลูกค้าถามเงื่อนไขเฉพาะที่เกิน knowledge ที่มี ให้สร้าง admin handoff พร้อมสรุปข้อมูลลูกค้า อาการ พื้นที่ และเวลาที่สะดวก',
    array['policy', 'handoff', 'admin', 'ai guardrail'],
    'published'
  ),
  (
    'คำแนะนำการเลือก BTU และแอร์ประหยัดไฟ',
    'faq',
    'สูตรคำนวณ BTU เบื้องต้นสำหรับห้องทั่วไปคือ กว้าง x ยาว x 800 และห้องที่โดนแดดจัดอาจใช้ตัวคูณ 1000 ค่า SEER ยิ่งสูงยิ่งประหยัดไฟ โดยคำแนะนำทั่วไปในข้อมูลอ้างอิงปี 2026 คือควรพิจารณาระดับ 20.0 ขึ้นไปสำหรับผู้ที่เน้นความคุ้มค่าในระยะยาว',
    array['BTU', 'SEER', 'Inverter', 'ประหยัดไฟ'],
    'published'
  ),
  (
    'โครงการล้างแอร์ช่วยชาติ 2569',
    'campaign',
    'ข้อมูลอ้างอิงระบุว่ามีโครงการล้างแอร์ช่วยชาติ 2569 ที่ให้ส่วนลด 300 บาทต่อเครื่อง และจำกัดเงื่อนไขตามประเภทเครื่องและสิทธิ์ผู้ใช้ อย่างไรก็ตามก่อนนำไปตอบลูกค้า ควรให้แอดมินตรวจสอบสถานะโครงการและเงื่อนไขล่าสุดทุกครั้ง เพราะเป็นข้อมูลที่เปลี่ยนแปลงได้ตามเวลา',
    array['campaign', 'ล้างแอร์ช่วยชาติ', '2569', 'time-sensitive'],
    'published'
  )
on conflict do nothing;
